{"cameraMode":{"drawMode":0,"name":"Shaded","section":"Shading Mode"},"sceneLighting":true,"audioPlay":false,"sceneViewState":{"showFog":true,"showMaterialUpdate":false,"showSkybox":true,"showFlares":true,"showImageEffects":true,"showParticleSystems":true},"in2DMode":false,"pivot":{"x":8.467645645141602,"y":104.81391906738281,"z":377.20745849609377},"rotation":{"x":0.570258617401123,"y":-0.013838343322277069,"z":0.009556582197546959,"w":0.8213281035423279},"size":22.0,"orthographic":false}